[{"family":"MaterialIcons","fonts":[{"asset":"fonts/MaterialIcons-Regular.otf"}]},{"family":"PatrickHand","fonts":[{"asset":"fonts/PatrickHand-Regular.ttf"}]},{"family":"FiraMono","fonts":[{"asset":"fonts/FiraMono-Bold.ttf"},{"asset":"fonts/FiraMono-Regular.ttf"}]},{"family":"packages/cupertino_icons/CupertinoIcons","fonts":[{"asset":"packages/cupertino_icons/assets/CupertinoIcons.ttf"}]},{"family":"packages/material_design_icons_flutter/Material Design Icons","fonts":[{"asset":"packages/material_design_icons_flutter/lib/fonts/materialdesignicons-webfont.ttf"}]}]